path,format,bytes,sha256,origin
00_Review/REVIEW-V1.md,md,5389,e765014ee9032364cc0a4b54512cfee40d5c13514dd62edbd21c65ed2e6829a8,new
00_Review/pdf-layout-check.json,json,42,423c4cf470213c4f24e68a5f01f1a3dc16bba5496ef77d849fa303fc84183c71,new
00_Review/v1-inventory.json,json,43039,6789fe53d9474d1c47794ef49feb7c8bb25abed1f95bc61f80c7a7288d3349b4,new
01_Brand_Book/brand-book-condo-ninja-print.pdf,pdf,503146,617a2c3635f5fc4828f04cebd73ff040321e4abdff1a46ebd07a3bd3dd1f0d61,modified
01_Brand_Book/brand-book-condo-ninja-screen.pdf,pdf,500154,4d0eee665a9bda19d1655dc1287e06f4b7c304faf831353aa1dead529ca91031,modified
01_Brand_Book/source/book-content.json,json,51364,d8224b6bdf8a0bce7deb218cc4f06b7d107b4724c71c1740aeaf4b292dc8a478,new
01_Brand_Book/source/brand-book-print.html,html,45495,607bacf2ff6b0eaa1756e4dc20f1e798552b2e7699e8df72f20fd5c7cb6d117f,modified
01_Brand_Book/source/brand-book-screen.html,html,45495,607bacf2ff6b0eaa1756e4dc20f1e798552b2e7699e8df72f20fd5c7cb6d117f,modified
01_Brand_Book/source/brand-book-source.html,html,45495,607bacf2ff6b0eaa1756e4dc20f1e798552b2e7699e8df72f20fd5c7cb6d117f,modified
01_Brand_Book/source/brand-book.css,css,697,889da80b4569180907333ee21ff8e44bcc13e8ab5d787f7e2fddee2de6473a3c,modified
01_Brand_Book/source/brand-copy.json,json,1138,a94bcf0587babdf696251248c9e2c3af8fdab4e1ac1e16a82a23ef6b5bc10f33,new
02_Logos/App-Icons/app-icon-master.svg,svg,3109,0bcb807b57d936446e7732baaf865e39376df047c6d977d2386c199fa4ddf8b0,preserved
02_Logos/App-Icons/condo-ninja-app-icon-1024.png,png,89616,227504b10e4c81f7bbc259f7ee76433a50d076f459a562fc5ff48992cca76b7d,preserved
02_Logos/App-Icons/condo-ninja-app-icon-512.png,png,37046,d0f4f475b511be8deb8dcddfc530c1df6c1b1dfcda7427d9b900a80ea6ea9ecc,preserved
02_Logos/App-Icons/condo-ninja-social-avatar-1080.png,png,41118,78530c9083015bf7a6117a1a6c966dd4dd760ab1a292a57f43395d7a4cc82033,preserved
02_Logos/App-Icons/social-avatar-master.svg,svg,2999,307934c641534261a52d23a65a6a1a6c01e90a201a521d6b961fc5d40b229368,preserved
02_Logos/EPS/condo-ninja-lockup-horizontal-on-dark.eps,eps,75206,86048bd9ad22b8d983fabdabee5ae6ebb53dfe252c3f866e02ace50c22a5d170,preserved
02_Logos/EPS/condo-ninja-lockup-horizontal-on-light.eps,eps,143176,7139849f665444652f30f2edb68ee67b153b6cdab46470102eff2fbc0126f836,preserved
02_Logos/EPS/condo-ninja-lockup-monochrome-black.eps,eps,75901,61e2357645c285244b522aae430664a24c96478282b80f6e05a28b8bfe505ae1,preserved
02_Logos/EPS/condo-ninja-lockup-monochrome-blue.eps,eps,137407,8cfa74bac2b1222d983f3221e5515d1213d390ca1f1fe2768ec41435771f85e1,preserved
02_Logos/EPS/condo-ninja-lockup-monochrome-white.eps,eps,8519,72821fc64e9eb4ef6c4ba5ed13744e215e066d3200a0dd29fee0021921ca5e3f,preserved
02_Logos/EPS/condo-ninja-lockup-vertical-on-dark.eps,eps,66017,c40b1352f78432c2df30d86677a0b82550ec44be709c6f31bc087ef3fd6994fb,preserved
02_Logos/EPS/condo-ninja-lockup-vertical-on-light.eps,eps,99890,c158e80a603c8921058a9314693ef519b06af54f87a044b09e5b5453e98d5500,preserved
02_Logos/EPS/condo-ninja-symbol-fullcolor.eps,eps,65261,0e6dde3d6da890b1e138668ad59ac2e49a069651258728aee2227907ac34e7d5,preserved
02_Logos/EPS/condo-ninja-symbol-simplified.eps,eps,2827,324bb134379202ca376b1277ac7249e4a19bea2ac1af7da72f9081d2c158497f,preserved
02_Logos/EPS/condo-ninja-wordmark-ink.eps,eps,10577,f90dc08f0315197b90606e7243b82abb97b9196796d196a20156eadb9fb2404b,preserved
02_Logos/EPS/condo-ninja-wordmark-white.eps,eps,10549,8c632293bdcbd5ccb663f190f14c2672929d88f1737b2d0a2e326a76903d6cb9,preserved
02_Logos/Favicon/favicon-16x16.png,png,526,61a3f2859d9d023410a4d3a9afbbedb98e5bb2967631a87924543f85b8c19f06,preserved
02_Logos/Favicon/favicon-32x32.png,png,895,5b58eb6f3784aa7331b392cf5a6dd712fc37d977e53d0c6471482e938ff4ebff,preserved
02_Logos/Favicon/favicon-48x48.png,png,1412,de3cc889efa2baee79fc833e264d83ed752ce7c21c1a7a02653d0aeff763f139,preserved
02_Logos/Favicon/favicon.ico,ico,15086,d57e50f0c42ea889837846c3c38a6a095e270c305557d89cf68aa93d47dc1ce3,preserved
02_Logos/Monochrome/condo-ninja-symbol-black-1024.png,png,34528,55b5a8675b09d0e43c1f76145de2a9b7b526aed9632cabd65ac1c02bb665cedd,preserved
02_Logos/Monochrome/condo-ninja-symbol-black.svg,svg,706,f6bd438b5f8a08346ec751c5d8cba0d314fbaa88c14e091034628802e5f10d99,preserved
02_Logos/Monochrome/condo-ninja-symbol-blue-1024.png,png,38848,2479710dc52cf26f0e750d4048f26a17ef2430cea4bf176770ca7ce9baeff04e,preserved
02_Logos/Monochrome/condo-ninja-symbol-blue.svg,svg,704,7dc45867d8aead788fe8b66a11663d70a56e5e1ad508009ef2f00529aef24ec0,preserved
02_Logos/Monochrome/condo-ninja-symbol-white-1024.png,png,31722,d26a359c5257c98e8819ab4c84bd908a0b6ebdf8141923eaa2c18e662d92c086,preserved
02_Logos/Monochrome/condo-ninja-symbol-white.svg,svg,706,3097176538a12415bc2a68191585b6f798b2986fe32fe73bfe3e53c74cb58009,preserved
02_Logos/PDF/condo-ninja-lockup-horizontal-on-dark.pdf,pdf,13567,cfb0dac84115f60dcece625ba508fe16aae297298082d8f6725b161c7938b5f7,preserved
02_Logos/PDF/condo-ninja-lockup-horizontal-on-light.pdf,pdf,13579,047342ba40d7626ec43d81bcf71b7c9c154fa6d662e6d218b6c86fa154a93539,preserved
02_Logos/PDF/condo-ninja-lockup-monochrome-black.pdf,pdf,16071,5b515c6d599d459d802ea3707eb9b6a9f81886240603ae7f59c113a0e429297f,preserved
02_Logos/PDF/condo-ninja-lockup-monochrome-blue.pdf,pdf,16101,806d56c96b57c6123910df179e11fd635113898c693b56ae1eab937404f261fa,preserved
02_Logos/PDF/condo-ninja-lockup-monochrome-white.pdf,pdf,16077,7b95a5f89097a10d39fe4857314fbaff06d5d176994b4051f29fb6a1e0559eaf,preserved
02_Logos/PDF/condo-ninja-lockup-vertical-on-dark.pdf,pdf,13489,e697726140116db2bb7e19dbb5dceebaa81aef3dd50f8637ff19e372cc949ae9,preserved
02_Logos/PDF/condo-ninja-lockup-vertical-on-light.pdf,pdf,13502,409360f3dc046d472dee0d446fae5f4798be2b5c6451ac231feeb587e1d0591e,preserved
02_Logos/PDF/condo-ninja-symbol-black.pdf,pdf,11037,38b7617477650176d8ff8d9ead10c25d2778fb223ee8684d1cf027db16aaf3c1,preserved
02_Logos/PDF/condo-ninja-symbol-blue.pdf,pdf,11058,7c2ebbe120193be5e4a1a49f444a84e314b272bfd120eaae12197db05b1181c6,preserved
02_Logos/PDF/condo-ninja-symbol-fullcolor.pdf,pdf,10090,087758ea43edcf2432f1752281ae9fde2dba11a3ea8c245e6f7925ccd060238d,preserved
02_Logos/PDF/condo-ninja-symbol-simplified.pdf,pdf,1200,b525231ffe0a20935fb855dc3e681d674e4ba168f303b48a61a79bba4f17dc73,preserved
02_Logos/PDF/condo-ninja-symbol-white.pdf,pdf,11042,a67861aec35da8849563538d06046c481a91d0b673ee0a179938fdcbdd3b8847,preserved
02_Logos/PDF/condo-ninja-wordmark-ink.pdf,pdf,3716,339fb0c26602c3a8f09c89ed023b3ebc44a5492b83cb06f6d4180174374304b1,preserved
02_Logos/PDF/condo-ninja-wordmark-white.pdf,pdf,3705,3513d87a67d8b99d2fce4a0c59ca489c93d84c457341bcae970f0c55c0d82ae9,preserved
02_Logos/PNG/condo-ninja-lockup-horizontal-dark-1024.png,png,20295,deb268fc5af9f736d8e8c22e8398bdb0fa127a1c1eb5ed55521ec86c7c0ba1f2,preserved
02_Logos/PNG/condo-ninja-lockup-horizontal-dark-2048.png,png,43951,f5ae262c88c26203e6b3684ce7c30d5dac2a5028601a188408413910a80892dd,preserved
02_Logos/PNG/condo-ninja-lockup-horizontal-dark-256.png,png,4603,32f866071e282c392fe5965934cef8fc438aaa91a4a8ca3edcdf44f682a261ad,preserved
02_Logos/PNG/condo-ninja-lockup-horizontal-dark-512.png,png,9576,c2cdafb53070cbba4cebb1eb08c8bdd9e3efb58cf4ee4064656154ceeaf80ee2,preserved
02_Logos/PNG/condo-ninja-lockup-horizontal-light-1024.png,png,23433,c79eba1c67920f0c7160a058584042e0d36c87e4d94cf3fdcf08a145a0fd420e,preserved
02_Logos/PNG/condo-ninja-lockup-horizontal-light-2048.png,png,50117,9fccb9636ec5c9d0a61c9f0f4dfdadce41327d04320be405f52bdc69ca073bcb,preserved
02_Logos/PNG/condo-ninja-lockup-horizontal-light-256.png,png,5484,781923e13bd18f9a79ecd715eb65b40c3063e0fed5bb9b51686c011b1445d42b,preserved
02_Logos/PNG/condo-ninja-lockup-horizontal-light-512.png,png,11188,55e119082bdcfa9f6b8d1da97dbafb8079880d435147a55a61f77142988f677b,preserved
02_Logos/PNG/condo-ninja-lockup-vertical-dark-1024.png,png,39239,5f72eee29fca5f7061e02f54d116c6f80d63ef8fdd4505f6ed0a82b9b3b3df2c,preserved
02_Logos/PNG/condo-ninja-lockup-vertical-dark-256.png,png,8774,07e9a0e49c7c31a62fdaa6ef4e92b52c3f27c9f245d1313d90574d55d42fa9bd,preserved
02_Logos/PNG/condo-ninja-lockup-vertical-dark-512.png,png,18284,11bac1f0b17c060b311080de889eb6ce3bb837179f678d8e83e0947c069657ad,preserved
02_Logos/PNG/condo-ninja-lockup-vertical-light-1024.png,png,42850,3a2d1a5e55543f72c9a3fda6a6ea6cc7acb2df0a489986b393918ec1986a050b,preserved
02_Logos/PNG/condo-ninja-lockup-vertical-light-256.png,png,9653,90039f811fbaa6aece690459bc4e57d9aab49a0ef30a75ffb4278c4c708fe0e6,preserved
02_Logos/PNG/condo-ninja-lockup-vertical-light-512.png,png,19665,0da95b33218ea781f10a0f9a05b3358c8ba36500ef183e245f27587ef8db1ad1,preserved
02_Logos/PNG/condo-ninja-symbol-1024.png,png,79182,dc2a683568009f249a768999127432d67df447f5dca85d6b022b61a3e39f2e17,preserved
02_Logos/PNG/condo-ninja-symbol-128.png,png,8335,73315b6c696500c4281acb95f9e5c18d24736eab517fc59b3c6909b31c44679e,preserved
02_Logos/PNG/condo-ninja-symbol-2048.png,png,177053,316de6ee8b86f105db4658cbf1889b678dd9504937ddbfe677f855c198b8fb89,preserved
02_Logos/PNG/condo-ninja-symbol-256.png,png,16686,0f1528f27efc9aa3e3cdc28428c7996550d73de9f771648cd475397f36260808,preserved
02_Logos/PNG/condo-ninja-symbol-32.png,png,1935,4176e459a5b7e8170c737d18b9b973acd02902b5416d3d5375a64e7f7d3eaef4,preserved
02_Logos/PNG/condo-ninja-symbol-512.png,png,34616,a03b47e9ed6a048e57785a061035754d80cc39dfa9258e995c120f24fbb7bed2,preserved
02_Logos/PNG/condo-ninja-symbol-64.png,png,4098,487736b59d7e87bbfa8fe275bb1a3edd8332c59fb65126ef466a3949f0524e34,preserved
02_Logos/PNG/condo-ninja-symbol-simplified-128.png,png,3027,98e3793ce3fdcc361bbfca5692c7157c09e104f18d47766cf699d0ad21a81d7e,preserved
02_Logos/PNG/condo-ninja-symbol-simplified-16.png,png,526,61a3f2859d9d023410a4d3a9afbbedb98e5bb2967631a87924543f85b8c19f06,preserved
02_Logos/PNG/condo-ninja-symbol-simplified-24.png,png,768,958abdce2f70ea6e9305709b77c77db56d2ac9c23b810f6fc9b509f9f2dc886f,preserved
02_Logos/PNG/condo-ninja-symbol-simplified-256.png,png,5517,ff0d126cbd08a0b47f5a2cd9615b52f9a95f08dfcdfcfa08918469fc617a0842,preserved
02_Logos/PNG/condo-ninja-symbol-simplified-32.png,png,895,5b58eb6f3784aa7331b392cf5a6dd712fc37d977e53d0c6471482e938ff4ebff,preserved
02_Logos/PNG/condo-ninja-symbol-simplified-48.png,png,1412,de3cc889efa2baee79fc833e264d83ed752ce7c21c1a7a02653d0aeff763f139,preserved
02_Logos/PNG/condo-ninja-symbol-simplified-64.png,png,1647,f2149eed4b6fa44be51e53f5bf7cdf4712ab6ba7b09808765fb1d6285f09b000,preserved
02_Logos/SVG/Alternate-Outlined-Exports/condo-ninja-symbol-fullcolor-outlined.svg,svg,4728,311302a1df47d5b2113fb6f2255e96cbed2def249e792771822a585b77d59872,new
02_Logos/SVG/Alternate-Outlined-Exports/condo-ninja-symbol-simplified-outlined.svg,svg,608,cf9fec0a64f3a5d8e49a06841b9d1612b5729527480b1b9f5747d9860d998f27,new
02_Logos/SVG/Outlined/condo-ninja-lockup-horizontal-on-dark.svg,svg,9974,c76334dca5b563ddcf53a8315c5aef6a17530a0b4217cb7bfd908ad07f292ee4,preserved
02_Logos/SVG/Outlined/condo-ninja-lockup-horizontal-on-light.svg,svg,9974,e1e95cf23ff68eb4fe948552d41537139a0ee72c5876a884b3d837d1b6257dcb,preserved
02_Logos/SVG/Outlined/condo-ninja-lockup-monochrome-black.svg,svg,6307,4bd6764266bd0c0a172f5948187674d7e28986cddeee28b4ab4456c5c0dcd99f,preserved
02_Logos/SVG/Outlined/condo-ninja-lockup-monochrome-blue.svg,svg,6348,78ddb784981ef0ad35497fd3cfb7f7881de602a71da0d5090d09326df946a017,preserved
02_Logos/SVG/Outlined/condo-ninja-lockup-monochrome-white.svg,svg,6348,53197fe9e05219b7430ac665b471a7bee8babe242f5c7a8b8d90f471084f2f4e,preserved
02_Logos/SVG/Outlined/condo-ninja-lockup-vertical-on-dark.svg,svg,9889,62e1dd6ccea5c34ba2c5a9f65844af523b61ceedbe8c26ede4819865ff21bde6,preserved
02_Logos/SVG/Outlined/condo-ninja-lockup-vertical-on-light.svg,svg,9889,baedac2ee25d98166b309efb30aa1e5842c98afee6bff27ece045916f3761b85,preserved
02_Logos/SVG/Outlined/condo-ninja-symbol-fullcolor.svg,svg,2881,8c7fcd6449b92ef64c4ea333ff2c88c39cb5d8e67ffd26baa463248dedc9f2fe,preserved
02_Logos/SVG/Outlined/condo-ninja-symbol-simplified.svg,svg,438,5296af528d71d7bf7c961811ff191a122eab862206eef5c17c673b2e596bd577,preserved
02_Logos/SVG/Outlined/condo-ninja-wordmark-ink.svg,svg,4300,0ced91bb83836635b9456b554d6dadfda97e439de7300a84f44e84304276a85e,preserved
02_Logos/SVG/Outlined/condo-ninja-wordmark-white.svg,svg,4300,05328e49739a7d29d8933809cdd1d2e062134482c166320170e76cec113c82a6,preserved
02_Logos/SVG/condo-ninja-lockup-horizontal-on-dark.svg,svg,3046,6224e3efffac4ef1067e3a4f1a4861a199536f4dff4ccee73ab1b7a15775d609,preserved
02_Logos/SVG/condo-ninja-lockup-horizontal-on-light.svg,svg,3046,79ad4405d5ccfd95250fe0bea7d517e8ec20ed1315947da7098d48d1449d5936,preserved
02_Logos/SVG/condo-ninja-lockup-monochrome-black.svg,svg,962,60f113dc3a9643faf6c8e4c35f25f65da7320394db465214c7ca39563ccdfe9d,preserved
02_Logos/SVG/condo-ninja-lockup-monochrome-blue.svg,svg,962,1881f6af497b0495ceee8afc37e1f41e89ff3e778b920b05b7e73e07661c27e4,preserved
02_Logos/SVG/condo-ninja-lockup-monochrome-white.svg,svg,962,94e01bceb1d62e15f8ec8a97f25e54f0775f8162ad9c2f005070111c85d96951,preserved
02_Logos/SVG/condo-ninja-lockup-vertical-on-dark.svg,svg,3043,2949a98e642711365bf7f3146076bc9dc1d479c9114380a2714f3b7727b084c7,preserved
02_Logos/SVG/condo-ninja-lockup-vertical-on-light.svg,svg,3043,0a068f8bbc3425e7cfd9ad05bd9493e1e2885129f7c17735149a9a98f134044d,preserved
02_Logos/SVG/condo-ninja-symbol-fullcolor.svg,svg,2881,8c7fcd6449b92ef64c4ea333ff2c88c39cb5d8e67ffd26baa463248dedc9f2fe,preserved
02_Logos/SVG/condo-ninja-symbol-simplified.svg,svg,438,5296af528d71d7bf7c961811ff191a122eab862206eef5c17c673b2e596bd577,preserved
02_Logos/SVG/condo-ninja-wordmark-ink.svg,svg,452,e81cb039b9edf56712505db0ceb07fcfde64e6f94173d0ba5f63d716ba1e9604,preserved
02_Logos/SVG/condo-ninja-wordmark-white.svg,svg,452,ec743f1e99e094ad4d723f2734683548fb04ba5fc9dab48a6d43caaf7c25eecc,preserved
03_Color/brand-tokens.json,json,5416,c8e9bf5e3e65a078ed10fbefdf9de662a684d18cdf16b3b3eb70723917aac4ac,modified
03_Color/contrast-audit.json,json,4305,8553bb7a9bf61ab077deef1b476e5b966a4c02beafe49de888f3edb830f51956,new
03_Color/swatches/condo-ninja-palette.png,png,127281,f569ba43aeabb9edda9d4ffd6de0ae34a8c3bb140613754a9124d5d45b50f80d,preserved
03_Color/swatches/condo-ninja-palette.svg,svg,7695,282a46e8ce42140151ea1d78ec959938db570c02be1e4b75e3e3887fed4b9dba,preserved
03_Color/swatches/condo-ninja.gpl,gpl,584,17a7ca973cc064d81030a398a98786ef8bfb237618f92e76cc0395689d8c723c,preserved
03_Color/variables.css,css,4656,42716d09b912ee14d3a403e7563741a7cf526f83fbe00bc6095ce7e08d34e843,modified
04_Typography/FONT-LICENSES.txt,txt,418,bb8242605a6b52cbcda36885a0c554aaff2030b65450a842cfcd16722edd90ac,preserved
04_Typography/OFL-Geist.txt,txt,4152,bbadb147c16a859e2ed6e8e5ac5ac38d12c08ee056c32eff12574dfa8b047bbf,new
04_Typography/OFL-GeistMono.txt,txt,4156,c972bfe1d29533f55dfa5d9912b55189838074a5b18e9fda3e9a0231552f505a,new
04_Typography/OFL-Goldman.txt,txt,4154,d417195e003dcba99f560b52830d02a218408454d0922271394d22f4ce09e6f5,new
04_Typography/fonts/Geist-Medium.ttf,ttf,72996,a8eefb873ba9c9020665f8a98302697ce1f3b79ab2deef6ee508c0ca6a82e876,preserved
04_Typography/fonts/Geist-Regular.ttf,ttf,72916,ccce59465ae5c61930ada5453834f60500fbd95084d85db63e0e65fad0125455,preserved
04_Typography/fonts/Geist-SemiBold.ttf,ttf,73048,7171f481b121803d007f5c6c76cd9988c0d41cce4202db9a18dff9945505d36d,preserved
04_Typography/fonts/GeistMono-Medium.ttf,ttf,71212,5c1b7b77c2d6132460f03b60c175adc80da1ebd0b418c785135b1aed27a28b30,preserved
04_Typography/fonts/GeistMono-Regular.ttf,ttf,71160,7022da390e9b401ea35b722f8ed2376948e70add10954bc798839b4bfe17ef3f,preserved
04_Typography/fonts/Goldman-Regular.ttf,ttf,76168,3c73352d9ab40dc592fd5f2fc91dd55e686f8b8c48b67ffb74c5e0ff184f3b0b,preserved
04_Typography/implementation-notes.txt,txt,623,f8add2088849c390bf91fd629deb5debb14174cb5a22323d1bfbb0a5145e756e,preserved
04_Typography/typography-guide.pdf,pdf,2420946,5b14e3477d167f54340e95ab1d818c5cec610c3a64cf9546fe4e9d078e122c6c,preserved
05_Iconography/icons.svg,svg,4203,9d8024addbe46dfd0bc203652da2e98e2efe03145259b37c9374a65d0755eb13,preserved
05_Iconography/individual-icons/agua.svg,svg,403,7ff92f85480e2a3c64bed490cccbf714af2bf8511f7638c2bc510ab42dbf1253,preserved
05_Iconography/individual-icons/benchmark.svg,svg,393,d2fa669bffbd53d7dcfe74adf7b843005aec0613fc728648d384c0c56664c1d6,preserved
05_Iconography/individual-icons/comunidade.svg,svg,449,a743ae635c3d9a46b4fa102adb4843ac765f8bf312785669013db1c9dc167caf,preserved
05_Iconography/individual-icons/contratos.svg,svg,393,861723ecc01819d420a71eb0e6fc7b48a11377e29ee456aec3b372d5976c9cbc,preserved
05_Iconography/individual-icons/documentos.svg,svg,387,9f702f0f9738a9b94cb2bd9058dd0cb51495139b19124b67f4a1ee13d73cc669,preserved
05_Iconography/individual-icons/elevadores.svg,svg,396,adc01011e60dcf38041b6041e1e72da2802d8cacfec5e7424266ce2c3ccd9927,preserved
05_Iconography/individual-icons/energia.svg,svg,367,6b02d3da96784bea34413b583065d1fa46f5bf931929a16dec46256883fe8337,preserved
05_Iconography/individual-icons/evidencias.svg,svg,387,70537ee2fbce39a80f241f1231657e8fcf4c190b74af88b622b16a2894a6115f,preserved
05_Iconography/individual-icons/financeiro.svg,svg,383,482830df6b8e33ac4006f9d9c0ed91e8f39d22577c2e1b8ff559def46f6aa3f0,preserved
05_Iconography/individual-icons/fornecedores.svg,svg,395,9fcb5bea3213ba00ea166d6bbd8cebb9fbb35e3d8dd8be27f681e3e4accfd686,preserved
05_Iconography/individual-icons/governanca.svg,svg,401,d0aa7600b25951308388652d43e7318b788486ec423ec7be4d593e6a44345b15,preserved
05_Iconography/individual-icons/investigacao.svg,svg,407,2e2dfff281483f5b2bd549fee388c5ad884586787c70cac50ce9ecd90a1c08aa,preserved
05_Iconography/individual-icons/juridico.svg,svg,400,ecffb1bc81ee3d9924425be789622d0515a014e5106d5186c078ed2af936b021,preserved
05_Iconography/individual-icons/manutencao.svg,svg,400,4bb9acf5b10fe64b897693bbb878fa7858c3ceeac6b5933bceb29cd350207dee,preserved
05_Iconography/individual-icons/mobilizacao.svg,svg,417,0cc742f334ae92fec4c6f95e89841e4dc74ca9a265493e9e1806720a17ca4a8e,preserved
05_Iconography/individual-icons/obras.svg,svg,386,7cd7d7f648916a995b6618357dfd8aef2e122207bbec3fb0c13b74da3188a97d,preserved
05_Iconography/individual-icons/seguranca.svg,svg,428,4c0fefb0d627a9d5d1bd7df146a3f363c2a1f012ae83a9d2f20b6f557ce49bfa,preserved
05_Iconography/preview/agua.png,png,2007,5f7e84d9e3b5519b668c621406a59e47f90a113efbc160e512f25f418eeb3510,new
05_Iconography/preview/benchmark.png,png,855,8e26fa69a9c3dfb6a7bb26b564d9883926fcf727b0308c6e58f7137fe9f30dad,new
05_Iconography/preview/comunidade.png,png,1860,4d5b21f1d31abbbca707b07c37360a58da14c0463b8a4f558fe049ea2901ceb9,new
05_Iconography/preview/contratos.png,png,584,4a5c6996e2631b3d004a88bfc21afbc9a85d269ab9f609399ad1cac3be012e14,new
05_Iconography/preview/documentos.png,png,572,4400f672fecf49807e49318fafbe494d67b491391a2a369f24f017a9ca425224,new
05_Iconography/preview/elevadores.png,png,808,b10f592abff9d59e395a76c14d8b9e858882650cdc6c1c0a77175079a5fa4cdb,new
05_Iconography/preview/energia.png,png,1222,1c645c6f92c1702870f7349330345a9e2acfadd255f77ce4ee0580ed73d1eaf5,new
05_Iconography/preview/evidencias.png,png,745,4032099266ea1f0ebbfd28ee562093e567b3901ab53ff2e1d62318cdfc0f9d60,new
05_Iconography/preview/financeiro.png,png,888,3921000bea26df45c5a8990e77bf1a73d23f8290b596b12c971feb8d8d0e49b6,new
05_Iconography/preview/fornecedores.png,png,525,517cb1d936d5c1d99fdf3757cd44d444fe754b7c6a028230e47ae50124cb955e,new
05_Iconography/preview/governanca.png,png,1807,e368bb5dd0d8f51bfaa675691af6958c8acf600aa17917776792c5fc0bccd1ba,new
05_Iconography/preview/investigacao.png,png,1505,54c4ca82e493eaa92c54bb4a35ce08c0446704497af0e19917baf085eebcd33c,new
05_Iconography/preview/juridico.png,png,737,d0bf6b938deff5dca643cdba8654f480ee271fb6b4b8e43c04bbc577f194dacd,new
05_Iconography/preview/manutencao.png,png,1073,7db4507b61f1825ca5a1574c3c1fb182e132bd41d1027fdfbfbcdcf5fdd9b47a,new
05_Iconography/preview/mobilizacao.png,png,1286,811969e22d68041cdb4a7d686976b8c059558a40fe5a7c8b56c19e0ab87afbca,new
05_Iconography/preview/obras.png,png,788,cc301579e3deb99cc5f89bce8b442829cb911d2e6125b79de51440c6cafc62a5,new
05_Iconography/preview/seguranca.png,png,1727,2f487d09b410b54cec6a41a004fd80570b9359abda0f09952c6880863a0178ea,new
06_Graphic_System/backgrounds/facet-field-dark.svg,svg,972,d28a74fb023fe4bba767ca31553a65fd673b111059fa75516107af2e88950f62,preserved
06_Graphic_System/backgrounds/facet-field-light.svg,svg,603,ee1fbc654c5755fd3250dbffe961915849765f01a3da056c0fd806b9054612ee,preserved
06_Graphic_System/grids/scan-grid.svg,svg,773,d1ce4e3b521f78342b0305aa80f8f499df3793dfa8c7690ab0923c4127b3b41a,preserved
06_Graphic_System/patterns/evidence-network.png,png,37845,f55bca5c50a10cd5306a05bb68efc01ceb38678ee6fab5ff37ea98f379a2edb3,preserved
06_Graphic_System/patterns/evidence-network.svg,svg,918,ae1610f75da815c669a968effc2aff5d197f031a71b1afdafd9524f848fb72f4,preserved
06_Graphic_System/patterns/facet-field-dark.png,png,155632,b4435c42de9dc7a0312892b2818df0435062f875d5d49313ebe43d6aba0ec676,preserved
06_Graphic_System/patterns/facet-field-dark.svg,svg,972,d28a74fb023fe4bba767ca31553a65fd673b111059fa75516107af2e88950f62,preserved
06_Graphic_System/patterns/facet-field-light.png,png,18531,5980147bfa382ecc73b94171b74177af26826b44f5a5949ea263ff5dea2890c2,preserved
06_Graphic_System/patterns/facet-field-light.svg,svg,603,ee1fbc654c5755fd3250dbffe961915849765f01a3da056c0fd806b9054612ee,preserved
06_Graphic_System/patterns/scan-grid.png,png,39883,9bc73373acb88d5c2cfde77487702d107d8e8aa7854b12ee6108e6b732dc2471,preserved
06_Graphic_System/patterns/scan-grid.svg,svg,773,d1ce4e3b521f78342b0305aa80f8f499df3793dfa8c7690ab0923c4127b3b41a,preserved
06_Graphic_System/textures/evidence-network.svg,svg,918,ae1610f75da815c669a968effc2aff5d197f031a71b1afdafd9524f848fb72f4,preserved
07_Templates/README-V2.md,md,1516,252c6117fd7f6af041faec4bbbf703a49ba04464f363ad7d9a88c91312056e78,new
07_Templates/email/email-signature.html,html,579,1b1c4e81837c338d9ab3352823ad0b9cff7fb8155a42f05e78472f385e2b28be,preserved
07_Templates/email/newsletter-template.html,html,1270,c0392b2bad0caab16095c2152932eb67f2086b00060ec554bf3cfb495d259a12,preserved
07_Templates/instagram/instagram-carousel-01.png,png,106638,110d220d3492d1edde20ca4dc0b9dd9fc75a8c1bc8fbd216a38eac50b472d0d3,preserved
07_Templates/instagram/instagram-carousel-01.svg,svg,3956,6f524d58a55ac15876eef11b688d5cc8861ee101fa215037587be52a1be39a84,preserved
07_Templates/instagram/instagram-carousel-02.png,png,95957,51432f72a9aeac9d319247cb001b6bb4019b5a73227a3275db5cbe7b64590b98,preserved
07_Templates/instagram/instagram-carousel-02.svg,svg,3924,50e39224dbd14549be463e581889b2134857e64cf88b9724f5eaf886fd3dedd0,preserved
07_Templates/instagram/instagram-carousel-03.png,png,93559,59bcdbbf0ba645a2496cb333abed95c5654d1f2fb1b480a550323bde59eb3b62,preserved
07_Templates/instagram/instagram-carousel-03.svg,svg,3906,60f0477c991b8a6c2abcedda3b9142b79b043bda80d46a1351eb61113f4b3086,preserved
07_Templates/instagram/instagram-carousel-04.png,png,99893,d119b11fea006ab52581d4c461658b52df3e2c294079c371bdbccfe8fa5396cb,preserved
07_Templates/instagram/instagram-carousel-04.svg,svg,3922,e6c8a065a49538405a42d13fc950cd67c203aee1ac91dbdf039fdf7d2d5a793e,preserved
07_Templates/instagram/instagram-carousel-05.png,png,105441,bd36115400f5fab862a7cd3c70579373ecee66ccdf3cee22d858a3b0e1f9e753,preserved
07_Templates/instagram/instagram-carousel-05.svg,svg,4090,e4ee3c9fbffd359e68ffad79c18826f63b7bd316344784de76def6623e63c501,preserved
07_Templates/instagram/instagram-square-template.png,png,118144,fd7e5bc34df25cc5d101dd9847150c9639e2415495e37ddba37ec6e73e620a81,preserved
07_Templates/instagram/instagram-square-template.svg,svg,4078,df2d4c2e8b989d1f91e0c4ac085850639a7ac1c68a17d26143b726e86997af37,preserved
07_Templates/instagram/v2-carousel-01.png,png,71797,7e4fadec7fff2265af78bc41a4129116b74c0e80a847ac4ee3ad0d41bb8e133c,new
07_Templates/instagram/v2-carousel-01.svg,svg,341282,cd3fa90c7c25e6bc427fcb5b7a0b401d7681b7450b348f8d1c9dd5aa27b380c0,new
07_Templates/instagram/v2-carousel-02.png,png,77076,4c75473eba3ba981bf028dbb4dc95453abcbe85bc3e1fef78bd7da4389f01890,new
07_Templates/instagram/v2-carousel-02.svg,svg,341308,bd4c6ebdfaa31aea5b099e2fdd7da2c5edefb9280ee55fca558588107777c059,new
07_Templates/instagram/v2-carousel-03.png,png,76763,ab2cb50c2e7ddf0721ab0080a83f6d3a8b81f57a36f81c35609d1695c70a2f5d,new
07_Templates/instagram/v2-carousel-03.svg,svg,341291,51cf3e7cad6e9df4cef7b16eda311841ca3369b09c277194061490580c853ea0,new
07_Templates/instagram/v2-carousel-04.png,png,72991,f89b16129b1236a6c2c57265b5e7671f910cb1adaa054bee6e81969724063723,new
07_Templates/instagram/v2-carousel-04.svg,svg,341286,5d9865f76b8ef056c59fc7ecb2c2fce85f9eb69f6914a73c8f5f349b1116d1b8,new
07_Templates/instagram/v2-carousel-05.png,png,81935,8bb2cc9584678abd5687e55a9e4dc230a182f6e217d56533e8e99af37948cb00,new
07_Templates/instagram/v2-carousel-05.svg,svg,341403,5ab93fa0b982bb457a41bdb09cb1be1f7b363e065f9e7276f38d35a623e83c2d,new
07_Templates/instagram/v2-instagram-square.png,png,63442,df66c68499faabc64838650ef585fca4651e1fc2b38a1ea1f02a242172f0198e,new
07_Templates/instagram/v2-instagram-square.svg,svg,341281,656d26d1538567c8efede7c70c7a1aed81dfd060c7d50153358f059b691caba9,new
07_Templates/linkedin/linkedin-social-template.png,png,70178,1206377d2b58eb130bbfd24cfb590da901b22d0939992d6a95f2a8871ccc8b96,preserved
07_Templates/linkedin/linkedin-social-template.svg,svg,3727,0b98d475ecd035b726160f6f40ac97462f61a78922fc32bceeaa32f783480901,preserved
07_Templates/linkedin/v2-linkedin.png,png,61805,6562de3704b5737184866e290c6a392bf519af628425399b3d47421c3b9a419a,new
07_Templates/linkedin/v2-linkedin.svg,svg,341197,36ffac5512c1b9b3c5a8f62de360246bd750836cbbeecf33a1f1067bdd7ed8fd,new
07_Templates/opengraph/opengraph-1200x630.png,png,64984,97a0700524ac6d8e7409c7053248079c00be2595fd4482cf18f37eed17e38403,preserved
07_Templates/opengraph/opengraph-1200x630.svg,svg,3729,fab3ad6682718a249ebc1e78882f7fe7617ac1dddfa778d1d1b25c636db13750,preserved
07_Templates/opengraph/v2-opengraph.png,png,58860,ad6d569d6c8f00f1f174360d0bd7797e0efab0508b941b959c485641bf6fd062,new
07_Templates/opengraph/v2-opengraph.svg,svg,341195,f3a87a01500146dc121b5e097fb6ce79fd8425c08d85c7ce1874e87a88739099,new
07_Templates/presentation/condo-ninja-presentation-template.pptx,pptx,703670,4da3c9695c586e56f9522b7609cbe54ee42bc6413a677af822fc0fec4bfdc348,preserved
07_Templates/product/dashboard-desktop.png,png,146737,3ab990ed454180105a2d24f0a532e82aee2883a09ee5d3aa8a1cb8ec1e9352ee,preserved
07_Templates/product/dashboard-desktop.svg,svg,7310,54b3c3475b69044cfd4c12c9e956917783a1de08bbbb0ad450669fb24e6dbf8e,preserved
07_Templates/product/dashboard-mobile.png,png,74950,a47c9240fa5d2233b3e3dd0bb347896b7f523380a3e90d1341d65980e38416a5,preserved
07_Templates/product/dashboard-mobile.svg,svg,5361,e95ebb706c88fb6d6cf468aa877e43b258ad3058d6a20d920e772481a7e9c62e,preserved
07_Templates/product/raio-x-achado.png,png,118648,92f634ebdb4e5d12a207211188e37ccbc963ac5751c306dc263906fbe93500db,preserved
07_Templates/product/raio-x-achado.svg,svg,5402,7f49ebad869d99aaa3007f56a56c6acc0f5bc90262bd7b2834df9e1b7a7f721b,preserved
07_Templates/product/raio-x-demo.html,html,4794,fe4ce5c336f76e0249b6e3bfc1f351b0e74228ef68034a837a73931aaf5b3965,new
07_Templates/report/institutional-letterhead-a4.pdf,pdf,19428,3b9e3c9c3ac76a5f9a46e35b1c7fd3168e6f33b6246fcaa222cd50b3c9bca508,preserved
07_Templates/report/institutional-letterhead-a4.png,png,24893,3ecf500a00b46d7ebe3d9300746be92d748fff64b138606b0f3e44accfc5d9b3,preserved
07_Templates/report/institutional-letterhead-a4.svg,svg,3464,91ba95b62631c4724e196b35da7030301ab426dbe072db91ad2b8af5fec68375,preserved
07_Templates/report/report-cover-a4.pdf,pdf,25048,63d504a6c023208097d264b99148bb33beca1431fde427998109a524f0ac0ac0,preserved
07_Templates/report/report-cover-a4.png,png,93209,dee4fffc4f7188177035c7875267a0114abc9b76118c33892dfd73d58d536749,preserved
07_Templates/report/report-cover-a4.svg,svg,4157,c0f026b4a73e4c7f6fe3a33e49a4f362afbf86179136a89854fb3401047ba336,preserved
07_Templates/report/v2-institutional-cover.png,png,111388,232c6f7f5c8985870a547d408835347f6cd4aedbf70274db8a4a6baf7f420538,new
07_Templates/report/v2-institutional-cover.svg,svg,341456,450697667c2063a5af203edd6e0f886e74af3017fe253a5357311423d83aa4b1,new
07_Templates/report/v2-report-cover.png,png,94286,37e7d9a560fd3776e8fb791644ea71d06b3aafd310aba1ce2c4dd1aaf22dc294,new
07_Templates/report/v2-report-cover.svg,svg,341314,2bfab6875c42dd0f873670e587ed74b0ce4efbdb9aec4ee85f6fd586d3bb0deb,new
07_Templates/stories/story-template.png,png,112968,fc40d181f4ef48ecf7d876a3d649fb1286419ef554784ac3f0dbe6afc3616704,preserved
07_Templates/stories/story-template.svg,svg,3954,ca370e26f312940fb6675267c65d2a7ff53109471f31f008037ee38e1f356e7b,preserved
07_Templates/stories/v2-story.png,png,89111,9fd582999d7d960f2c5e48dc90b9aaf3883dc75dab8edc271be4efd7abb67a57,new
07_Templates/stories/v2-story.svg,svg,341384,94300af1f23eca21c9f83c276e996c4227cf3f08bb13b128591c8cff7b2a02ba,new
07_Templates/whatsapp/v2-whatsapp-share.png,png,63908,9b56c2ce1b24df5af460f003e9db4f7af40ead24a6a706d2da4240099a4bd0f3,new
07_Templates/whatsapp/v2-whatsapp-share.svg,svg,341211,cf9a269f61c0b17035b8338f5abe102bf861f9f5d77df5e914c8b395407afc5a,new
07_Templates/whatsapp/whatsapp-share-card.png,png,74523,97faa880702d740f45d6deeefeba15ccd9876fddcb2f02ca2be76e4edf6131f1,preserved
07_Templates/whatsapp/whatsapp-share-card.svg,svg,3937,3dbdd6b664f43c4d24fec2c2ffb7d8a15357751f351b337a390fff556d40c60e,preserved
08_Data_Visualization/examples/benchmark-demo.json,json,1451,824706cdb3f610eb99f1156778d6440d3ea2f2717500cac3ee19ad4593fdcdba,new
08_Data_Visualization/examples/benchmark-elevadores.png,png,66041,a294f78e181d6b45079d08f81d7c321d22c9c67146db2735d53f7c154b375d6c,preserved
08_Data_Visualization/examples/benchmark-elevadores.svg,svg,2103,4a4b9f57a652716bfa75ad681550f8ce141603e14544b21ccd3b63963e291357,preserved
08_Data_Visualization/specifications/data-visualization-guidelines.md,md,1228,419c03d0fcac5af9e65dac65baa6c1310a709d805ec67f2a8f2a6d6f5417331c,modified
09_Governance_Seal/concepts/nivel-0.png,png,21382,f8b43444baaacf55e7128ee27eb840a361b5ff3cf2a8d2d83d34911ce3e2da76,modified
09_Governance_Seal/concepts/nivel-0.svg,svg,294642,e7a3f12b6337ca71cb4f202e755c3bbe754f8563c43f278ff24b4207f2ecfe78,modified
09_Governance_Seal/concepts/nivel-1.png,png,20710,aa3664ad65a8a33fd2bb38f8bccb95d65901eba0fcd0f0a83a5fba221f6d2488,modified
09_Governance_Seal/concepts/nivel-1.svg,svg,294635,b373ce941a757c687c976e9d7dcab75fab933ef6d35df1d567938c2c2a2972be,modified
09_Governance_Seal/concepts/nivel-2.png,png,21394,1fbfe154192d856525764739f39d2ff3a872a8c77d26c968e15704b615ea036e,modified
09_Governance_Seal/concepts/nivel-2.svg,svg,294636,edcc0f05fe521b47f400d54b0a368e12186b7624d64a4ea6bb9124d412839b79,modified
09_Governance_Seal/concepts/nivel-3.png,png,21775,f940ed1f63beb1edaf3db9207e2c5a5296fca79c0c13fe6899c78f73913ee3aa,modified
09_Governance_Seal/concepts/nivel-3.svg,svg,294635,f70ccafb3a6dfa4524f43960b64da8b2a7e2b63f599d42c751cf15425eb085e9,modified
09_Governance_Seal/specifications/README.md,md,930,8f24aca567f5664d64b43f035099917614b99e8f00d2dff1715f4ebe49f61ebe,modified
10_Motion/examples/motion-demo.html,html,2862,8815285ca9d35ed48f4ce421e1075e7f6671bdd911a1e80d75e23c1ffac60bc1,preserved
10_Motion/guidelines/motion-guidelines.md,md,564,63e83ff712dc487b7c45c2c4652785dc3808bb5dfbffe94565eefd0aae7fca5f,modified
11_Brand_Site/README.md,md,660,503b3d6c6eeb7cffb970446290e4be31e6034ef82d35d501af86276138dadab6,modified
11_Brand_Site/assets/app-dashboard.png,png,146737,3ab990ed454180105a2d24f0a532e82aee2883a09ee5d3aa8a1cb8ec1e9352ee,preserved
11_Brand_Site/assets/app-mobile.png,png,74950,a47c9240fa5d2233b3e3dd0bb347896b7f523380a3e90d1341d65980e38416a5,preserved
11_Brand_Site/assets/app-rayx.png,png,118648,92f634ebdb4e5d12a207211188e37ccbc963ac5751c306dc263906fbe93500db,preserved
11_Brand_Site/assets/app-social.png,png,118144,fd7e5bc34df25cc5d101dd9847150c9639e2415495e37ddba37ec6e73e620a81,preserved
11_Brand_Site/assets/chart-benchmark.png,png,66041,a294f78e181d6b45079d08f81d7c321d22c9c67146db2735d53f7c154b375d6c,preserved
11_Brand_Site/assets/favicon.ico,ico,15086,d57e50f0c42ea889837846c3c38a6a095e270c305557d89cf68aa93d47dc1ce3,preserved
11_Brand_Site/assets/fonts/Geist-Medium.ttf,ttf,72996,a8eefb873ba9c9020665f8a98302697ce1f3b79ab2deef6ee508c0ca6a82e876,preserved
11_Brand_Site/assets/fonts/Geist-Regular.ttf,ttf,72916,ccce59465ae5c61930ada5453834f60500fbd95084d85db63e0e65fad0125455,preserved
11_Brand_Site/assets/fonts/Geist-SemiBold.ttf,ttf,73048,7171f481b121803d007f5c6c76cd9988c0d41cce4202db9a18dff9945505d36d,preserved
11_Brand_Site/assets/fonts/GeistMono-Medium.ttf,ttf,71212,5c1b7b77c2d6132460f03b60c175adc80da1ebd0b418c785135b1aed27a28b30,preserved
11_Brand_Site/assets/fonts/GeistMono-Regular.ttf,ttf,71160,7022da390e9b401ea35b722f8ed2376948e70add10954bc798839b4bfe17ef3f,preserved
11_Brand_Site/assets/fonts/Goldman-Regular.ttf,ttf,76168,3c73352d9ab40dc592fd5f2fc91dd55e686f8b8c48b67ffb74c5e0ff184f3b0b,preserved
11_Brand_Site/assets/logos/condo-ninja-lockup-horizontal-on-dark.svg,svg,9974,c76334dca5b563ddcf53a8315c5aef6a17530a0b4217cb7bfd908ad07f292ee4,modified
11_Brand_Site/assets/logos/condo-ninja-lockup-horizontal-on-light.svg,svg,9974,e1e95cf23ff68eb4fe948552d41537139a0ee72c5876a884b3d837d1b6257dcb,modified
11_Brand_Site/assets/logos/condo-ninja-lockup-monochrome-black.svg,svg,6307,4bd6764266bd0c0a172f5948187674d7e28986cddeee28b4ab4456c5c0dcd99f,modified
11_Brand_Site/assets/logos/condo-ninja-lockup-monochrome-blue.svg,svg,6348,78ddb784981ef0ad35497fd3cfb7f7881de602a71da0d5090d09326df946a017,modified
11_Brand_Site/assets/logos/condo-ninja-lockup-monochrome-white.svg,svg,6348,53197fe9e05219b7430ac665b471a7bee8babe242f5c7a8b8d90f471084f2f4e,modified
11_Brand_Site/assets/logos/condo-ninja-lockup-vertical-on-dark.svg,svg,9889,62e1dd6ccea5c34ba2c5a9f65844af523b61ceedbe8c26ede4819865ff21bde6,modified
11_Brand_Site/assets/logos/condo-ninja-lockup-vertical-on-light.svg,svg,9889,baedac2ee25d98166b309efb30aa1e5842c98afee6bff27ece045916f3761b85,modified
11_Brand_Site/assets/logos/condo-ninja-symbol-fullcolor.svg,svg,2881,8c7fcd6449b92ef64c4ea333ff2c88c39cb5d8e67ffd26baa463248dedc9f2fe,preserved
11_Brand_Site/assets/logos/condo-ninja-symbol-simplified.svg,svg,438,5296af528d71d7bf7c961811ff191a122eab862206eef5c17c673b2e596bd577,preserved
11_Brand_Site/assets/logos/condo-ninja-wordmark-ink.svg,svg,4300,0ced91bb83836635b9456b554d6dadfda97e439de7300a84f44e84304276a85e,modified
11_Brand_Site/assets/logos/condo-ninja-wordmark-white.svg,svg,4300,05328e49739a7d29d8933809cdd1d2e062134482c166320170e76cec113c82a6,modified
11_Brand_Site/assets/logos/v2-condo-ninja-lockup-horizontal-on-dark.svg,svg,9974,c76334dca5b563ddcf53a8315c5aef6a17530a0b4217cb7bfd908ad07f292ee4,new
11_Brand_Site/assets/logos/v2-condo-ninja-lockup-horizontal-on-light.svg,svg,9974,e1e95cf23ff68eb4fe948552d41537139a0ee72c5876a884b3d837d1b6257dcb,new
11_Brand_Site/assets/logos/v2-condo-ninja-lockup-monochrome-white.svg,svg,6348,53197fe9e05219b7430ac665b471a7bee8babe242f5c7a8b8d90f471084f2f4e,new
11_Brand_Site/assets/opengraph.png,png,17658,a3eac9e5fb308417a12fda3f35ac2444e66402c39a1fd6e10a5f7de3a47ee612,preserved
11_Brand_Site/assets/patterns/evidence-network.svg,svg,918,ae1610f75da815c669a968effc2aff5d197f031a71b1afdafd9524f848fb72f4,preserved
11_Brand_Site/assets/patterns/facet-field-dark.svg,svg,972,d28a74fb023fe4bba767ca31553a65fd673b111059fa75516107af2e88950f62,preserved
11_Brand_Site/assets/patterns/facet-field-light.svg,svg,603,ee1fbc654c5755fd3250dbffe961915849765f01a3da056c0fd806b9054612ee,preserved
11_Brand_Site/assets/patterns/scan-grid.svg,svg,773,d1ce4e3b521f78342b0305aa80f8f499df3793dfa8c7690ab0923c4127b3b41a,preserved
11_Brand_Site/assets/report-cover.png,png,93209,dee4fffc4f7188177035c7875267a0114abc9b76118c33892dfd73d58d536749,preserved
11_Brand_Site/assets/seal-0.png,png,21382,f8b43444baaacf55e7128ee27eb840a361b5ff3cf2a8d2d83d34911ce3e2da76,modified
11_Brand_Site/assets/seal-1.png,png,20710,aa3664ad65a8a33fd2bb38f8bccb95d65901eba0fcd0f0a83a5fba221f6d2488,modified
11_Brand_Site/assets/seal-2.png,png,21394,1fbfe154192d856525764739f39d2ff3a872a8c77d26c968e15704b615ea036e,modified
11_Brand_Site/assets/seal-3.png,png,21775,f940ed1f63beb1edaf3db9207e2c5a5296fca79c0c13fe6899c78f73913ee3aa,modified
11_Brand_Site/assets/share-card.png,png,74523,97faa880702d740f45d6deeefeba15ccd9876fddcb2f02ca2be76e4edf6131f1,preserved
11_Brand_Site/assets/social-avatar.png,png,41118,78530c9083015bf7a6117a1a6c966dd4dd760ab1a292a57f43395d7a4cc82033,preserved
11_Brand_Site/brand-concept-standalone.html,html,2409621,02f3e1eb1ae799ff5ec45a7c2dcb2afa6686103222cff76e7502fd73c7948d86,modified
11_Brand_Site/index.html,html,17642,59c3c11612150e8777378e835a43338fa9ce8b88e5812a66ce5ae9812321dca9,modified
11_Brand_Site/script.js,js,3138,f53cc890857ed071e3c7ebc45a641083d92a1fb7792ade2d3549a4d4138b2053,modified
11_Brand_Site/styles.css,css,17551,c52ba6a5e1cf92a6a6ac8704fe88014f06f48f85b4564f5a08eb84643ef672ef,modified
12_Developer/QA-REPORT.md,md,3915,776a37f98844545de77c8454dc4e07e21c7b5e48b6633a67a42ecb2f7c3fb47c,modified
12_Developer/README.md,md,2635,507fca40f84a75f51dcf38f2343801767de27065970440bf5aaf10edbe577667,modified
12_Developer/brand-tokens.json,json,5416,c8e9bf5e3e65a078ed10fbefdf9de662a684d18cdf16b3b3eb70723917aac4ac,modified
12_Developer/build-templates.py,py,6720,5b95348639df073eb28aa86c97d21257a281aa73db00712d971e9f4f68a1a08f,new
12_Developer/build-v2.py,py,41928,a21bacf36a573431676497fb8d2d73a9f3a4429130007b3f91963c1d795bda86,new
12_Developer/package-v2.py,py,8934,a2d1965d99fa5e32c03ceb7ef98c27664d4e307b8f5fe943f57c500641ecd56c,new
12_Developer/render-assets.mjs,mjs,1299,afe6114f38465ca823f9f1bcc4f2627062bb48ddb379b1ce6c3885540037da46,new
12_Developer/render-book.py,py,10309,61cf5d510086b377f767b1f1ac923c563994da1f5d87ed6339a9c061a3c364dc,new
12_Developer/tailwind-brand-config.js,js,1184,2f873572434290f9056f00f1eafd56cd8750f180a5c4855d7c27da7d13b3a600,modified
12_Developer/tailwind-brand-v4.css,css,405,df78f92d78924ec794dbbc8a37463a194a580885a9f49c6796bda20c06526564,new
12_Developer/template-renders.json,json,742,dba7131df3fc950929d3da3d988c6e827893abdc4bb49bd1ba30b760901aed2c,new
12_Developer/variables.css,css,4656,42716d09b912ee14d3a403e7563741a7cf526f83fbe00bc6095ce7e08d34e843,modified
12_Developer/verify-v2.py,py,3478,dffcb185e81cebbf17ff6026e108a3b24ee565879a9d6412b76204b9e7db39ba,new
13_Reference_Assets/01-simbolo-oficial-referencia.png,png,898797,8322ed8da13c8032dfdfcace86c98e7bed6ba0e5f0622927a580e8c22821d476,preserved
13_Reference_Assets/02-lockup-proporcao-referencia.png,png,893168,dcec213358fdd9cafe50909c9b51143665a68e2fc534a0fd8d5849ef7eaad50a,preserved
BRAND-STRATEGY.md,md,11262,fe0848bee98c7b2084823d599be8c34b8369e713bdda2d3dd0dbc20ed145be57,modified
README.md,md,1733,b03056a1672febaafffa1e1c25e709d04b2c318a4c8ada029790bc17a2522ffa,modified
START-HERE.html,html,1346,f4f9bd30cc4225b0e321049474dbe897c317ab58bc16351743cc60b2a0417556,new
